ds,y,yhat_cf,yhat_cf_lower,yhat_cf_upper,incremental_impact,incremental_impact_pct
2023-07-01,2152.0,4767.768329337171,4764.090945477414,4771.353303602573,-2615.768329337171,-54.86357869449632
2023-08-01,2258.0,1877.9085601491545,1866.4365552890704,1889.8096391025915,380.0914398508455,20.24014629448499
2023-09-01,2453.0,7023.067726757299,7003.320144587755,7043.799701575164,-4570.067726757299,-65.07224342071663
2023-10-01,2573.0,-232.8623303098243,-263.302973241666,-201.9069992690337,2805.8623303098243,-1204.9447098535056
2023-11-01,2454.0,3719.209632087229,3677.728153191709,3762.5258594686065,-1265.2096320872288,-34.01823928319927
2023-12-01,2150.0,4836.446189150971,4781.041954454433,4889.6559072248265,-2686.446189150971,-55.545871577712546
2024-01-01,2863.0,-1730.2979725744972,-1797.9238079685756,-1659.8712516411963,4593.297972574497,-265.46283041297005
2024-02-01,2755.0,1896.2194025233791,1813.3526158114498,1982.6993092425957,858.7805974766209,45.28909451795533
2024-03-01,2701.0,-563.6440490034565,-666.1129270945148,-461.3706789326625,3264.6440490034565,-579.2031433269751
